"";"choice";"area";"users";"inc";"age0";"age1";"age2";"age3";"age4";"age5";"age6";"age7";"status";"employ";"cost1";"cost2";"cost3";"cost4";"cost5";"avail1";"avail2";"avail3";"avail4";"avail5";"ones";"ID"
"1";2;1;2;4;0;0;0;1;1;0;0;0;2;2;5,82;5,78;12,75;1e+06;23,28;1;1;1;0;1;1;1
"2";3;1;1;2;0;0;0;0;0;0;0;1;5;1;3,52;5,78;12,28;1e+06;23,28;1;1;1;0;1;1;2
"3";1;2;2;4;0;0;0;2;0;0;0;0;2;2;5,09;5,78;11,47;1e+06;28,28;1;1;1;0;1;1;3
"4";3;2;2;3;1;0;0;0;2;0;0;0;2;1;4,75;5,78;10,46;1e+06;28,28;1;1;1;0;1;1;4
"5";3;2;6;3;1;3;2;1;0;2;0;0;2;2;8,55;7,05;14,33;1e+06;28,28;1;1;1;0;1;1;5
"6";3;2;2;2;1;0;0;2;0;0;0;0;2;2;16,1;14,6;13,11;1e+06;28,28;1;1;1;0;1;1;6
"7";3;2;1;1;0;0;0;0;0;0;0;1;3;0;5,09;5,78;11,92;1e+06;28,28;1;1;1;0;1;1;7
"8";1;2;2;5;1;0;0;1;1;0;0;0;2;2;3,36;5,78;10,26;1e+06;28,28;1;1;1;0;1;1;8
"9";5;2;4;4;1;1;0;0;2;0;0;0;2;2;34,89;33,39;38,2;1e+06;28,28;1;1;1;0;1;1;9
"10";3;2;2;5;0;0;0;2;0;0;0;0;2;2;22,83;21,33;25,39;1e+06;28,28;1;1;1;0;1;1;10
"11";5;2;1;3;1;0;0;0;1;0;0;0;1;1;3,28;5,78;10,18;1e+06;28,28;1;1;1;0;1;1;11
"12";3;2;2;2;0;1;0;1;1;0;0;0;4;2;11,36;9,86;18,12;1e+06;28,28;1;1;1;0;1;1;12
"13";5;2;1;1;0;0;0;0;0;1;0;0;1;0;11,08;9,58;17,14;1e+06;28,28;1;1;1;0;1;1;13
"14";3;5;1;1;0;0;0;0;1;0;0;0;2;1;16,1;14,6;10,18;1e+06;1e+06;1;1;1;0;0;1;14
"15";2;5;1;5;0;0;0;0;0;1;0;0;2;1;5,6;5,78;10,18;1e+06;1e+06;1;1;1;0;0;1;15
"16";1;5;2;2;0;0;0;0;0;0;1;1;2;0;4,22;5,78;10,18;1e+06;1e+06;1;1;1;0;0;1;16
"17";3;5;2;4;0;0;0;0;0;0;2;0;2;0;8,17;6,67;10,18;1e+06;1e+06;1;1;1;0;0;1;17
"18";2;5;2;3;1;0;0;2;0;0;0;0;2;1;6,57;5,78;10,18;1e+06;1e+06;1;1;1;0;0;1;18
"19";2;5;1;1;0;0;0;0;0;0;0;1;3;0;5,13;5,78;10,18;1e+06;1e+06;1;1;1;0;0;1;19
"20";3;5;4;3;0;2;1;0;2;0;0;0;2;3;15,84;14,34;10,18;1e+06;1e+06;1;1;1;0;0;1;20
"21";3;2;2;5;0;0;0;2;0;0;0;0;1;2;42,76;41,26;49,66;1e+06;28,28;1;1;1;0;1;1;21
"22";1;2;1;2;0;0;0;0;0;1;0;0;4;1;3,49;5,78;10,18;1e+06;28,28;1;1;1;0;1;1;22
"23";1;2;1;1;0;0;0;0;0;1;0;0;1;0;4,24;5,78;10,37;1e+06;28,28;1;1;1;0;1;1;23
"24";3;2;2;1;0;1;1;0;1;0;0;0;2;0;5,95;5,78;10,26;1e+06;28,28;1;1;1;0;1;1;24
"25";3;2;1;1;0;0;0;0;0;0;0;1;3;0;3,28;5,78;10,18;1e+06;28,28;1;1;1;0;1;1;25
"26";5;2;5;2;1;1;1;0;1;1;0;0;2;1;99,69;98,19;105,71;1e+06;28,28;1;1;1;0;1;1;26
"27";3;2;1;3;0;0;0;0;0;0;0;1;3;0;6,29;5,78;13,17;1e+06;28,28;1;1;1;0;1;1;27
"28";3;2;3;1;0;1;0;0;1;1;0;0;3;1;4,83;5,78;11,45;1e+06;28,28;1;1;1;0;1;1;28
"29";3;2;1;2;0;0;0;0;0;0;0;1;3;0;4,95;5,78;11,64;1e+06;28,28;1;1;1;0;1;1;29
"30";3;2;2;3;0;0;0;0;2;0;0;0;2;1;4,88;5,78;11,71;1e+06;28,28;1;1;1;0;1;1;30
"31";1;2;1;2;0;0;0;1;0;0;0;0;1;1;4,75;5,78;11,09;1e+06;28,28;1;1;1;0;1;1;31
"32";5;2;3;5;0;1;0;0;0;1;1;0;4;1;4,27;5,78;10,75;1e+06;28,28;1;1;1;0;1;1;32
"33";3;2;3;2;0;2;0;0;1;0;0;0;4;1;10,54;9,04;17,3;1e+06;28,28;1;1;1;0;1;1;33
"34";3;2;1;3;0;0;0;0;1;0;0;0;1;1;4,27;5,78;10,79;1e+06;28,28;1;1;1;0;1;1;34
"35";3;2;3;4;0;0;0;0;1;2;0;0;2;3;11,48;9,98;14,68;1e+06;28,28;1;1;1;0;1;1;35
"36";2;2;1;4;0;0;0;1;0;0;0;0;1;1;4,07;5,78;10,48;1e+06;28,28;1;1;1;0;1;1;36
"37";1;2;1;1;0;0;0;0;0;0;0;1;3;0;3,28;5,78;10,18;1e+06;28,28;1;1;1;0;1;1;37
"38";3;2;4;2;3;0;0;2;0;1;1;0;2;3;24,76;23,26;28,5;1e+06;28,28;1;1;1;0;1;1;38
"39";5;2;3;5;0;0;0;1;0;1;1;0;2;2;25,15;23,65;27,95;1e+06;28,28;1;1;1;0;1;1;39
"40";3;2;2;2;0;0;0;0;0;2;0;0;2;1;3,46;5,78;10,29;1e+06;28,28;1;1;1;0;1;1;40
"41";3;2;1;1;0;0;0;0;0;0;0;1;3;0;3,77;5,78;10,18;1e+06;28,28;1;1;1;0;1;1;41
"42";3;2;4;4;1;2;0;0;2;0;0;0;2;2;10,55;9,05;16,72;1e+06;28,28;1;1;1;0;1;1;42
"43";2;1;1;2;0;0;0;0;0;0;1;0;3;0;8,68;7,18;13,62;1e+06;23,28;1;1;1;0;1;1;43
"44";2;1;1;1;0;0;0;0;0;0;0;1;4;0;3,42;5,78;12,28;1e+06;23,28;1;1;1;0;1;1;44
"45";2;1;1;2;0;0;0;0;0;0;0;1;4;0;8,74;7,24;13,05;1e+06;23,28;1;1;1;0;1;1;45
"46";3;4;4;3;0;1;1;0;0;2;0;0;2;2;10,89;9,39;12,32;1e+06;38,28;1;1;1;0;1;1;46
"47";5;4;2;5;0;0;0;0;0;2;0;0;2;2;108,74;107,24;106,82;1e+06;38,28;1;1;1;0;1;1;47
"48";3;4;2;5;0;0;0;0;0;0;2;0;2;1;7,93;6,58;10,98;1e+06;38,28;1;1;1;0;1;1;48
"49";5;1;2;3;2;0;0;2;0;0;0;0;2;1;22,1;20,6;27,91;1e+06;23,28;1;1;1;0;1;1;49
"50";2;1;1;1;0;0;0;0;0;0;0;1;3;0;6,18;5,78;12,28;1e+06;23,28;1;1;1;0;1;1;50
"51";3;1;2;2;0;0;0;0;0;0;0;2;2;0;5,79;5,78;12,48;1e+06;23,28;1;1;1;0;1;1;51
"52";3;1;4;4;0;0;0;2;0;0;2;0;1;2;8,56;7,06;13,03;1e+06;23,28;1;1;1;0;1;1;52
"53";1;1;1;1;0;0;0;0;0;0;0;1;1;0;5,45;5,78;12,28;1e+06;23,28;1;1;1;0;1;1;53
"54";2;1;2;3;0;0;0;2;0;0;0;0;2;1;14;12,5;13,14;1e+06;23,28;1;1;1;0;1;1;54
"55";3;1;2;2;0;0;0;0;0;0;2;0;2;0;19,34;17,84;13,04;1e+06;23,28;1;1;1;0;1;1;55
"56";3;1;2;1;0;0;0;0;0;0;0;2;1;0;4,92;5,78;12,52;1e+06;23,28;1;1;1;0;1;1;56
"57";3;1;4;3;0;2;0;0;1;1;0;0;2;2;12,09;10,59;13,1;1e+06;23,28;1;1;1;0;1;1;57
"58";5;2;3;2;0;0;0;0;1;0;1;1;2;1;25,78;24,28;31,98;1e+06;28,28;1;1;1;0;1;1;58
"59";2;2;2;3;0;0;0;0;0;2;0;0;1;2;5,43;5,78;12,05;1e+06;28,28;1;1;1;0;1;1;59
"60";5;2;2;3;0;0;0;0;0;0;2;0;2;2;7,46;5,96;14,01;1e+06;28,28;1;1;1;0;1;1;60
"61";3;2;1;4;0;0;0;0;0;0;0;1;3;0;3,7;5,78;10,18;1e+06;28,28;1;1;1;0;1;1;61
"62";1;2;2;3;0;0;0;0;2;0;0;0;1;2;10,46;8,96;14,84;1e+06;28,28;1;1;1;0;1;1;62
"63";5;2;2;5;1;0;0;0;2;0;0;0;2;2;14,81;13,31;19,68;1e+06;28,28;1;1;1;0;1;1;63
"64";5;2;1;3;0;0;0;0;0;0;0;1;3;0;23,58;22,08;28,62;1e+06;28,28;1;1;1;0;1;1;64
"65";3;2;1;5;0;0;0;0;0;0;0;1;3;0;6,76;5,78;11,91;1e+06;28,28;1;1;1;0;1;1;65
"66";3;2;5;5;0;0;2;1;0;2;0;0;2;2;7,91;6,41;13,45;1e+06;28,28;1;1;1;0;1;1;66
"67";3;2;6;4;0;0;1;1;0;2;0;2;2;2;13,48;11,98;16,44;1e+06;28,28;1;1;1;0;1;1;67
"68";4;3;2;2;0;0;0;0;0;0;0;2;2;0;13,07;14,87;17,57;10,48;38,28;1;1;1;1;1;1;68
"69";5;3;2;5;0;0;0;0;2;0;0;0;1;2;105,92;107,4;110,1;82,34;38,28;1;1;1;1;1;1;69
"70";5;3;3;4;0;0;1;0;0;2;0;0;2;3;433,5;432,8;435,5;433,03;38,28;1;1;1;1;1;1;70
"71";1;3;2;5;1;0;0;1;1;0;0;0;2;2;13,46;15,05;17,75;19,75;38,28;1;1;1;1;1;1;71
"72";5;3;2;2;0;0;0;0;0;1;1;0;2;1;140,87;142,39;145,09;139,65;38,28;1;1;1;1;1;1;72
"73";1;5;1;3;0;0;0;0;1;0;0;0;1;1;4,4;5,78;10,18;1e+06;1e+06;1;1;1;0;0;1;73
"74";2;5;1;1;0;0;0;0;0;0;0;1;3;0;4,01;5,78;10,18;1e+06;1e+06;1;1;1;0;0;1;74
"75";3;5;3;1;0;0;1;0;0;1;1;0;3;0;8,39;6,89;10,18;1e+06;1e+06;1;1;1;0;0;1;75
"76";1;5;2;2;0;0;0;0;0;0;0;2;2;0;4,05;5,78;10,18;1e+06;1e+06;1;1;1;0;0;1;76
"77";1;5;2;2;0;0;0;0;0;0;0;2;2;1;3,7;5,78;10,18;1e+06;1e+06;1;1;1;0;0;1;77
"78";3;5;4;3;0;1;1;0;0;2;0;0;2;2;20,67;19,17;10,18;1e+06;1e+06;1;1;1;0;0;1;78
"79";3;5;1;1;0;0;0;0;0;0;1;0;1;1;5,45;5,78;10,18;1e+06;1e+06;1;1;1;0;0;1;79
"80";2;5;2;1;0;0;0;0;0;0;0;2;3;0;5,38;5,78;10,18;1e+06;1e+06;1;1;1;0;0;1;80
"81";1;5;2;2;0;0;0;2;0;0;0;0;2;2;5,66;5,78;10,18;1e+06;1e+06;1;1;1;0;0;1;81
"82";1;1;1;1;0;0;0;0;0;0;0;1;5;0;4,51;5,78;12,88;1e+06;23,28;1;1;1;0;1;1;82
"83";2;1;2;5;0;0;0;0;1;2;0;0;4;1;7,9;6,4;15,29;1e+06;23,28;1;1;1;0;1;1;83
"84";1;5;3;4;0;0;0;1;0;2;0;0;2;3;10,24;8,74;10,18;1e+06;1e+06;1;1;1;0;0;1;84
"85";2;5;1;2;0;0;0;0;0;0;0;1;4;0;7,16;5,78;10,18;1e+06;1e+06;1;1;1;0;0;1;85
"86";3;5;4;5;0;0;0;2;0;2;0;0;2;1;7,79;6,29;10,18;1e+06;1e+06;1;1;1;0;0;1;86
"87";2;5;2;5;0;0;0;1;1;0;0;0;2;2;7,79;6,29;10,18;1e+06;1e+06;1;1;1;0;0;1;87
"88";3;1;3;1;0;0;0;1;0;0;2;0;2;0;15,92;14,42;14,22;1e+06;23,28;1;1;1;0;1;1;88
"89";3;1;6;1;0;0;4;1;0;1;0;0;3;2;15,09;13,59;12,28;1e+06;23,28;1;1;1;0;1;1;89
"90";3;1;1;2;0;0;0;1;0;0;0;0;1;1;9,71;8,21;13,37;1e+06;23,28;1;1;1;0;1;1;90
"91";2;1;5;1;0;2;2;0;1;0;0;1;5;0;3,28;5,78;12,28;1e+06;23,28;1;1;1;0;1;1;91
"92";5;3;6;5;0;2;2;0;1;1;0;0;2;1;55,81;54,31;43,42;42,02;38,28;1;1;1;1;1;1;92
"93";4;3;1;3;0;0;0;0;1;0;0;0;1;1;6,11;8,61;11,31;11,8;38,28;1;1;1;1;1;1;93
"94";2;5;2;2;0;0;0;0;0;1;1;0;1;1;7,04;5,78;10,18;1e+06;1e+06;1;1;1;0;0;1;94
"95";1;5;2;1;0;0;0;0;0;0;1;1;2;0;3,56;5,78;10,18;1e+06;1e+06;1;1;1;0;0;1;95
"96";1;5;2;1;0;0;0;0;0;0;0;2;2;0;5,8;5,78;10,18;1e+06;1e+06;1;1;1;0;0;1;96
"97";3;5;4;4;1;1;0;0;2;0;0;0;2;1;14,06;12,56;10,18;1e+06;1e+06;1;1;1;0;0;1;97
"98";3;3;2;2;0;0;0;2;0;0;0;0;1;0;12,96;11,46;11,03;11,62;38,28;1;1;1;1;1;1;98
"99";3;5;4;4;0;0;0;2;1;1;0;0;2;2;11,89;10,39;10,18;1e+06;1e+06;1;1;1;0;0;1;99
"100";5;2;2;3;0;0;0;0;0;1;1;0;2;2;22,14;20,64;25,86;1e+06;28,28;1;1;1;0;1;1;100
"101";1;2;3;4;0;1;0;0;2;0;0;0;4;2;12,15;10,65;16,6;1e+06;28,28;1;1;1;0;1;1;101
"102";3;2;4;5;0;1;1;1;1;0;0;0;2;2;16,35;14,85;19,85;1e+06;28,28;1;1;1;0;1;1;102
"103";5;2;2;4;0;0;0;0;0;2;0;0;2;2;32,65;31,15;33,11;1e+06;28,28;1;1;1;0;1;1;103
"104";3;2;2;3;2;0;0;2;0;0;0;0;2;1;7,11;5,78;11,93;1e+06;28,28;1;1;1;0;1;1;104
"105";1;2;2;3;0;0;0;2;0;0;0;0;2;2;4,1;5,78;10,37;1e+06;28,28;1;1;1;0;1;1;105
"106";1;2;2;3;1;0;0;2;0;0;0;0;2;2;3,63;5,78;10,18;1e+06;28,28;1;1;1;0;1;1;106
"107";5;2;2;2;1;0;0;1;0;1;0;0;1;2;22,22;20,72;28,12;1e+06;28,28;1;1;1;0;1;1;107
"108";2;2;3;3;1;2;0;0;2;0;0;0;2;1;6,67;5,78;13,33;1e+06;28,28;1;1;1;0;1;1;108
"109";2;2;1;2;1;0;0;0;1;0;0;0;4;1;11,82;10,32;18,3;1e+06;28,28;1;1;1;0;1;1;109
"110";3;2;3;3;0;1;0;0;2;0;0;0;2;2;11,38;9,88;17,86;1e+06;28,28;1;1;1;0;1;1;110
"111";3;2;3;3;2;1;0;0;2;0;0;0;2;1;19,56;18,06;17,58;1e+06;28,28;1;1;1;0;1;1;111
"112";5;2;1;3;0;0;0;0;0;0;1;0;4;1;6,82;5,78;13,58;1e+06;28,28;1;1;1;0;1;1;112
"113";5;2;4;3;0;0;1;2;0;1;0;0;1;3;15,88;14,38;21,54;1e+06;28,28;1;1;1;0;1;1;113
"114";2;2;2;3;2;0;0;2;0;0;0;0;2;1;9,74;8,24;12,51;1e+06;28,28;1;1;1;0;1;1;114
"115";3;1;1;3;0;0;0;0;0;0;1;0;4;1;6,19;5,78;12,28;1e+06;23,28;1;1;1;0;1;1;115
"116";5;1;4;1;0;0;1;0;0;0;1;2;2;1;27,8;26,3;29,46;1e+06;23,28;1;1;1;0;1;1;116
"117";3;1;6;2;1;3;2;0;2;0;0;0;2;1;18,78;17,28;12,52;1e+06;23,28;1;1;1;0;1;1;117
"118";2;1;1;2;0;0;0;0;0;1;0;0;1;1;8,13;6,63;14,24;1e+06;23,28;1;1;1;0;1;1;118
"119";1;1;3;4;0;0;0;0;2;0;1;0;2;2;3,28;5,78;12,28;1e+06;23,28;1;1;1;0;1;1;119
"120";2;1;1;1;0;0;0;1;0;0;0;0;1;1;13,02;11,52;16,69;1e+06;23,28;1;1;1;0;1;1;120
"121";2;1;1;2;0;0;0;0;0;0;0;2;2;0;7,67;6,17;12,47;1e+06;23,28;1;1;1;0;1;1;121
"122";1;1;1;2;0;0;0;0;0;0;0;1;3;0;3,63;5,78;12,28;1e+06;23,28;1;1;1;0;1;1;122
"123";5;2;2;3;0;0;0;0;1;0;0;1;1;1;38,13;36,63;44,22;1e+06;28,28;1;1;1;0;1;1;123
"124";3;2;3;4;1;1;0;1;2;0;0;0;2;2;5,94;5,78;11,16;1e+06;28,28;1;1;1;0;1;1;124
"125";3;2;2;2;0;0;0;0;0;1;1;0;2;0;12,58;11,08;11,01;1e+06;28,28;1;1;1;0;1;1;125
"126";3;2;6;2;0;0;3;1;1;1;0;0;5;2;14,89;13,39;12,02;1e+06;28,28;1;1;1;0;1;1;126
"127";5;2;1;3;0;0;0;1;0;0;0;0;1;1;5,48;5,78;11,85;1e+06;28,28;1;1;1;0;1;1;127
"128";3;2;1;3;0;0;0;0;1;0;0;0;1;1;4,83;5,78;11,38;1e+06;28,28;1;1;1;0;1;1;128
"129";5;1;1;4;0;0;0;0;0;1;0;0;4;1;24,75;23,25;20,55;1e+06;23,28;1;1;1;0;1;1;129
"130";2;2;2;3;0;0;0;2;0;0;0;0;1;2;45,08;43,58;50,09;1e+06;28,28;1;1;1;0;1;1;130
"131";3;2;1;2;0;0;0;0;0;0;0;1;3;0;3,41;5,78;10,24;1e+06;28,28;1;1;1;0;1;1;131
"132";3;2;1;1;0;0;0;0;0;0;0;1;3;0;4,22;5,78;10,18;1e+06;28,28;1;1;1;0;1;1;132
"133";1;2;1;1;0;0;0;0;0;0;0;1;3;0;3,35;5,78;10,18;1e+06;28,28;1;1;1;0;1;1;133
"134";3;2;1;2;0;0;0;0;0;0;1;0;3;1;4,29;5,78;10,18;1e+06;28,28;1;1;1;0;1;1;134
"135";3;2;2;2;0;0;0;0;0;0;2;0;2;0;4,3;5,78;11,2;1e+06;28,28;1;1;1;0;1;1;135
"136";3;2;1;1;0;0;0;0;0;0;1;0;3;0;3,75;5,78;10,65;1e+06;28,28;1;1;1;0;1;1;136
"137";3;2;2;1;0;0;0;0;0;0;0;2;2;0;8,37;6,87;14,36;1e+06;28,28;1;1;1;0;1;1;137
"138";3;2;3;2;0;0;0;0;0;0;2;1;2;0;4,11;5,78;10,52;1e+06;28,28;1;1;1;0;1;1;138
"139";3;1;2;2;0;0;0;1;0;1;0;0;3;1;15,16;13,66;12,66;1e+06;23,28;1;1;1;0;1;1;139
"140";1;2;1;2;0;0;0;0;0;0;1;0;4;1;5,29;5,78;10,97;1e+06;28,28;1;1;1;0;1;1;140
"141";3;2;2;3;0;0;0;0;0;0;0;2;2;1;12,79;11,29;13,05;1e+06;28,28;1;1;1;0;1;1;141
"142";3;2;2;3;0;0;0;2;0;0;0;0;1;2;6,75;5,78;12,56;1e+06;28,28;1;1;1;0;1;1;142
"143";2;1;2;1;0;0;0;0;0;0;1;1;2;1;6,59;5,78;12,28;1e+06;23,28;1;1;1;0;1;1;143
"144";3;1;2;3;2;0;0;0;2;0;0;0;2;1;20,58;19,08;14,13;1e+06;23,28;1;1;1;0;1;1;144
"145";3;2;4;1;0;1;1;0;2;0;0;0;2;2;3,61;5,78;10,3;1e+06;28,28;1;1;1;0;1;1;145
"146";3;2;3;2;0;0;2;0;0;1;0;0;4;2;5,32;5,78;11,62;1e+06;28,28;1;1;1;0;1;1;146
"147";5;2;4;3;0;0;0;0;2;0;1;1;2;3;11,93;10,43;18,41;1e+06;28,28;1;1;1;0;1;1;147
"148";3;2;1;3;0;0;0;0;2;0;0;0;2;1;8,67;7,17;14,59;1e+06;28,28;1;1;1;0;1;1;148
"149";5;2;6;3;0;0;3;1;0;2;0;0;2;2;37,13;35,63;43,01;1e+06;28,28;1;1;1;0;1;1;149
"150";5;2;4;5;1;2;0;0;2;0;0;0;2;1;33,84;32,34;38,01;1e+06;28,28;1;1;1;0;1;1;150
"151";1;2;1;2;0;0;0;0;0;0;1;0;3;0;3,42;5,78;10,18;1e+06;28,28;1;1;1;0;1;1;151
"152";3;5;3;2;2;1;0;0;2;0;0;0;2;1;7,7;6,2;10,18;1e+06;1e+06;1;1;1;0;0;1;152
"153";1;5;1;1;0;0;0;0;0;0;0;1;3;0;3,38;5,78;10,18;1e+06;1e+06;1;1;1;0;0;1;153
"154";4;3;2;5;0;0;0;0;0;0;0;2;2;1;4,37;6,31;9,01;10,74;38,28;1;1;1;1;1;1;154
"155";3;3;4;3;0;1;1;0;0;2;0;0;2;2;20,14;18,64;13,65;11,38;38,28;1;1;1;1;1;1;155
"156";1;3;3;4;0;0;0;0;0;0;3;0;2;1;3,91;5,78;8,48;10,48;38,28;1;1;1;1;1;1;156
"157";3;3;3;3;0;0;0;0;1;0;1;1;2;1;14,72;13,22;13,41;14,66;38,28;1;1;1;1;1;1;157
"158";2;3;2;5;1;0;0;0;2;0;0;0;2;1;5,2;5,78;8,48;10,48;38,28;1;1;1;1;1;1;158
"159";5;1;1;1;0;0;0;0;0;0;0;1;3;0;18,68;17,18;24,14;1e+06;23,28;1;1;1;0;1;1;159
"160";5;1;3;2;1;1;0;0;1;1;0;0;2;1;56,28;54,78;52,21;1e+06;23,28;1;1;1;0;1;1;160
"161";3;1;2;2;0;0;0;0;0;0;0;2;4;1;11,96;10,46;12,74;1e+06;23,28;1;1;1;0;1;1;161
"162";2;1;2;2;0;0;0;0;0;0;2;0;2;1;7,1;5,78;12,41;1e+06;23,28;1;1;1;0;1;1;162
"163";2;1;1;1;0;0;0;1;0;0;0;0;1;0;5,06;5,78;12,28;1e+06;23,28;1;1;1;0;1;1;163
"164";2;1;2;2;0;0;0;0;1;1;0;0;1;2;11,2;9,7;12,77;1e+06;23,28;1;1;1;0;1;1;164
"165";1;1;4;2;0;0;0;0;1;0;1;2;1;1;8,17;6,67;12,4;1e+06;23,28;1;1;1;0;1;1;165
"166";2;1;2;3;0;0;1;1;0;1;0;0;1;2;13,75;12,25;15,98;1e+06;23,28;1;1;1;0;1;1;166
"167";2;1;1;1;0;0;0;0;1;0;0;0;1;1;7,13;5,78;14,73;1e+06;23,28;1;1;1;0;1;1;167
"168";3;2;4;5;0;1;1;1;2;0;0;0;1;2;3,87;5,78;10,77;1e+06;28,28;1;1;1;0;1;1;168
"169";3;2;3;5;0;1;0;0;2;0;0;0;2;2;3,28;5,78;10,18;1e+06;28,28;1;1;1;0;1;1;169
"170";1;2;1;2;0;0;0;1;0;0;0;0;1;1;3,73;5,78;10,63;1e+06;28,28;1;1;1;0;1;1;170
"171";5;2;2;4;1;0;0;0;2;0;0;0;2;1;9,94;8,44;16,56;1e+06;28,28;1;1;1;0;1;1;171
"172";3;2;5;4;0;0;1;1;0;2;0;1;2;2;4,68;5,78;10,18;1e+06;28,28;1;1;1;0;1;1;172
"173";3;2;2;4;0;2;0;0;2;0;0;0;2;2;13,06;11,56;19,89;1e+06;28,28;1;1;1;0;1;1;173
"174";5;2;4;4;0;2;0;0;2;0;0;0;2;2;7,53;6,03;14,43;1e+06;28,28;1;1;1;0;1;1;174
"175";3;2;2;4;0;0;0;1;1;0;0;0;2;2;8,26;6,76;15,16;1e+06;28,28;1;1;1;0;1;1;175
"176";3;2;2;3;0;0;0;0;1;1;0;0;3;2;7,5;6;14,4;1e+06;28,28;1;1;1;0;1;1;176
"177";3;2;3;4;0;0;0;1;0;2;0;0;1;2;6,19;5,78;13,02;1e+06;28,28;1;1;1;0;1;1;177
"178";5;2;6;5;0;3;2;0;2;0;0;0;2;2;11,48;9,98;18,38;1e+06;28,28;1;1;1;0;1;1;178
"179";2;1;1;1;0;0;0;0;0;0;1;0;3;0;10,76;9,26;18,15;1e+06;23,28;1;1;1;0;1;1;179
"180";2;1;1;3;0;0;0;0;0;1;0;0;4;1;10,7;9,2;12,28;1e+06;23,28;1;1;1;0;1;1;180
"181";2;5;3;4;0;0;0;1;0;2;0;0;1;2;5,03;5,78;10,18;1e+06;1e+06;1;1;1;0;0;1;181
"182";1;5;2;1;0;0;0;0;0;0;0;2;2;0;8,6;7,1;10,18;1e+06;1e+06;1;1;1;0;0;1;182
"183";1;5;2;3;1;0;0;2;0;0;0;0;2;2;7,12;5,78;10,18;1e+06;1e+06;1;1;1;0;0;1;183
"184";2;5;1;1;0;0;0;0;0;0;1;0;3;0;10,3;8,8;10,18;1e+06;1e+06;1;1;1;0;0;1;184
"185";1;5;1;1;0;0;0;0;0;0;0;1;3;0;7,93;6,43;10,18;1e+06;1e+06;1;1;1;0;0;1;185
"186";2;5;1;4;0;0;0;0;0;0;1;0;4;1;5,2;5,78;10,18;1e+06;1e+06;1;1;1;0;0;1;186
"187";3;5;2;2;0;0;0;1;1;0;0;0;1;2;11,6;10,1;10,18;1e+06;1e+06;1;1;1;0;0;1;187
"188";3;5;4;2;2;2;2;1;1;0;0;0;2;1;25,01;23,51;10,18;1e+06;1e+06;1;1;1;0;0;1;188
"189";3;2;2;2;0;0;0;0;0;0;0;2;2;0;3,28;5,78;10,18;1e+06;28,28;1;1;1;0;1;1;189
"190";2;2;2;4;0;0;0;0;0;2;0;0;4;2;7,89;6,39;14,06;1e+06;28,28;1;1;1;0;1;1;190
"191";3;2;2;2;1;0;0;0;2;0;0;0;2;2;3,42;5,78;10,18;1e+06;28,28;1;1;1;0;1;1;191
"192";3;2;2;3;0;0;0;0;0;2;0;0;2;2;4,75;5,78;11,37;1e+06;28,28;1;1;1;0;1;1;192
"193";1;2;2;3;0;0;0;0;0;0;0;2;2;0;5,57;5,78;12,12;1e+06;28,28;1;1;1;0;1;1;193
"194";3;2;2;3;0;0;0;0;0;0;2;0;2;1;6,18;5,78;10,18;1e+06;28,28;1;1;1;0;1;1;194
"195";3;2;2;1;1;0;0;2;0;0;0;0;2;0;4,55;5,78;10,43;1e+06;28,28;1;1;1;0;1;1;195
"196";3;2;2;1;0;0;0;0;0;0;1;1;2;0;10,4;8,9;13,98;1e+06;28,28;1;1;1;0;1;1;196
"197";3;2;2;1;0;0;0;0;0;1;0;0;4;0;14,79;13,29;19,87;1e+06;28,28;1;1;1;0;1;1;197
"198";3;2;3;1;0;1;0;1;1;0;0;0;2;1;4,87;5,78;11,56;1e+06;28,28;1;1;1;0;1;1;198
"199";1;1;1;1;0;0;0;0;0;0;1;0;5;0;6,36;5,78;12,4;1e+06;23,28;1;1;1;0;1;1;199
"200";2;1;2;1;0;0;0;0;0;0;0;2;2;0;5,78;5,78;13,42;1e+06;23,28;1;1;1;0;1;1;200
"201";1;1;2;4;0;0;0;0;0;1;1;0;2;1;8,6;7,1;13,69;1e+06;23,28;1;1;1;0;1;1;201
"202";5;1;4;5;0;0;0;2;2;0;0;0;2;3;28,43;26,93;33,3;1e+06;23,28;1;1;1;0;1;1;202
"203";1;1;1;2;0;0;0;0;0;1;0;0;1;1;5,03;5,78;12,52;1e+06;23,28;1;1;1;0;1;1;203
"204";2;1;1;2;0;0;0;0;0;1;0;0;4;1;11,35;9,85;12,9;1e+06;23,28;1;1;1;0;1;1;204
"205";1;5;2;3;0;0;0;0;0;0;1;1;3;1;7,36;5,86;8,48;1e+06;1e+06;1;1;1;0;0;1;205
"206";3;5;1;1;0;0;0;0;0;0;1;0;3;0;8,21;6,71;8,48;1e+06;1e+06;1;1;1;0;0;1;206
"207";2;5;1;3;0;0;0;0;1;0;0;0;1;1;5,61;5,78;8,48;1e+06;1e+06;1;1;1;0;0;1;207
"208";2;5;1;3;0;0;0;0;0;0;1;0;4;1;8,1;6,6;8,48;1e+06;1e+06;1;1;1;0;0;1;208
"209";1;5;2;4;0;0;0;0;2;0;0;0;2;2;5,27;5,78;8,48;1e+06;1e+06;1;1;1;0;0;1;209
"210";3;5;1;2;0;0;0;0;1;0;0;0;1;1;3,7;5,78;8,48;1e+06;1e+06;1;1;1;0;0;1;210
"211";5;1;3;4;0;0;0;0;0;0;2;1;2;1;16;14,5;17,51;1e+06;23,28;1;1;1;0;1;1;211
"212";5;1;2;1;0;1;0;2;0;0;1;0;3;2;44,17;42,67;36,44;1e+06;23,28;1;1;1;0;1;1;212
"213";2;1;1;1;0;0;0;0;0;0;1;0;4;0;9,59;8,09;12,28;1e+06;23,28;1;1;1;0;1;1;213
"214";2;1;4;2;0;0;0;2;0;2;0;2;2;1;6,41;5,78;12,54;1e+06;23,28;1;1;1;0;1;1;214
"215";3;1;2;1;0;0;0;0;0;0;2;0;2;0;6,24;5,78;12,42;1e+06;23,28;1;1;1;0;1;1;215
"216";5;1;5;5;0;0;1;2;0;2;0;0;2;3;36,63;35,13;15,96;1e+06;23,28;1;1;1;0;1;1;216
"217";2;1;1;3;0;0;0;0;0;1;0;0;1;0;5,17;5,78;12,28;1e+06;23,28;1;1;1;0;1;1;217
"218";2;1;3;1;0;1;1;0;0;1;0;0;4;1;6,95;5,78;12,28;1e+06;23,28;1;1;1;0;1;1;218
"219";3;2;2;2;0;0;0;0;0;0;0;2;2;0;5,2;5,78;12,1;1e+06;28,28;1;1;1;0;1;1;219
"220";2;2;1;3;0;0;0;0;0;1;0;0;1;1;3,56;5,78;10,18;1e+06;28,28;1;1;1;0;1;1;220
"221";1;2;2;3;0;0;0;0;0;0;0;2;2;0;5,19;5,78;11,95;1e+06;28,28;1;1;1;0;1;1;221
"222";3;2;2;2;0;0;0;0;0;0;1;1;2;1;3,7;5,78;10,18;1e+06;28,28;1;1;1;0;1;1;222
"223";5;2;6;4;0;0;2;2;0;1;1;0;2;3;20,96;19,46;23,41;1e+06;28,28;1;1;1;0;1;1;223
"224";3;2;2;1;0;0;0;0;0;0;1;1;1;0;3,28;5,78;10,18;1e+06;28,28;1;1;1;0;1;1;224
"225";3;2;2;2;0;0;0;0;0;0;0;2;2;0;5,36;5,78;11,63;1e+06;28,28;1;1;1;0;1;1;225
"226";1;2;5;3;2;1;0;0;2;0;0;0;2;2;7;5,78;13,45;1e+06;28,28;1;1;1;0;1;1;226
"227";5;2;1;1;0;0;0;0;0;0;0;2;2;0;4,82;5,78;11,65;1e+06;28,28;1;1;1;0;1;1;227
"228";5;2;2;5;0;0;0;0;2;0;0;0;2;2;8,98;7,48;14,55;1e+06;28,28;1;1;1;0;1;1;228
"229";3;1;2;1;0;0;0;0;0;0;1;1;2;1;11,75;10,25;12,28;1e+06;23,28;1;1;1;0;1;1;229
"230";3;1;4;1;0;0;3;0;0;1;0;0;5;0;20,69;19,19;13,07;1e+06;23,28;1;1;1;0;1;1;230
"231";1;1;2;1;0;0;0;0;0;0;1;1;3;1;4,6;5,78;13,04;1e+06;23,28;1;1;1;0;1;1;231
"232";5;1;4;5;0;0;2;0;0;2;0;0;2;2;15,41;13,91;16,65;1e+06;23,28;1;1;1;0;1;1;232
"233";5;1;1;4;0;0;0;0;0;0;1;0;1;1;33,69;32,19;37,22;1e+06;23,28;1;1;1;0;1;1;233
"234";1;1;6;3;1;0;2;2;2;0;0;0;2;3;15,78;14,28;12,48;1e+06;23,28;1;1;1;0;1;1;234
"235";2;1;2;2;0;0;0;0;0;0;2;0;2;0;6,95;5,78;12,36;1e+06;23,28;1;1;1;0;1;1;235
"236";3;1;4;4;0;2;0;0;2;0;0;0;2;2;7,14;5,78;12,28;1e+06;23,28;1;1;1;0;1;1;236
"237";2;4;1;1;0;0;0;0;0;0;0;1;3;0;7,63;9,39;12,09;1e+06;38,28;1;1;1;0;1;1;237
"238";1;4;1;1;0;0;0;0;0;0;0;1;3;0;29,2;29,74;32,44;1e+06;38,28;1;1;1;0;1;1;238
"239";3;4;2;1;0;0;0;0;1;1;0;0;2;2;3,28;5,78;8,48;1e+06;38,28;1;1;1;0;1;1;239
"240";3;4;6;3;0;0;3;1;0;2;0;0;2;3;41,01;39,51;31,48;1e+06;38,28;1;1;1;0;1;1;240
"241";2;4;2;5;0;0;0;0;0;2;0;0;2;2;9,11;9,77;12,47;1e+06;38,28;1;1;1;0;1;1;241
"242";3;4;1;3;0;0;0;0;0;1;0;0;4;1;10,17;10,12;12,82;1e+06;38,28;1;1;1;0;1;1;242
"243";2;1;2;2;1;1;0;1;1;0;0;0;2;1;11,3;9,8;13,3;1e+06;23,28;1;1;1;0;1;1;243
"244";3;1;3;1;0;0;1;1;0;1;0;0;4;0;23,03;21,53;13,43;1e+06;23,28;1;1;1;0;1;1;244
"245";3;1;3;5;0;0;0;0;1;0;2;0;2;3;6,52;5,78;12,62;1e+06;23,28;1;1;1;0;1;1;245
"246";1;4;2;4;0;0;0;0;0;0;2;0;2;0;4,82;5,78;8,48;1e+06;38,28;1;1;1;0;1;1;246
"247";2;4;1;1;0;0;0;0;0;0;0;1;3;0;8,33;6,83;8,48;1e+06;38,28;1;1;1;0;1;1;247
"248";5;4;2;4;0;0;0;2;0;0;0;0;1;2;5,39;5,78;8,48;1e+06;38,28;1;1;1;0;1;1;248
"249";2;4;3;2;0;1;1;0;2;0;0;0;2;2;16,02;14,52;8,48;1e+06;38,28;1;1;1;0;1;1;249
"250";2;1;3;3;0;0;0;1;0;2;0;0;2;1;4,46;5,78;12,8;1e+06;23,28;1;1;1;0;1;1;250
"251";3;1;2;1;0;0;0;0;0;1;1;0;1;0;5,47;5,78;12,28;1e+06;23,28;1;1;1;0;1;1;251
"252";3;1;2;2;0;0;0;2;0;0;0;0;1;2;3,28;5,78;12,28;1e+06;23,28;1;1;1;0;1;1;252
"253";2;1;1;1;0;0;0;0;0;0;0;1;3;0;5,32;5,78;13,06;1e+06;23,28;1;1;1;0;1;1;253
"254";3;1;2;4;0;0;0;2;0;0;0;0;1;2;4,99;5,78;12,52;1e+06;23,28;1;1;1;0;1;1;254
"255";1;1;1;4;1;0;0;0;1;0;0;0;1;1;7,22;5,78;12,36;1e+06;23,28;1;1;1;0;1;1;255
"256";3;1;4;2;1;1;1;0;2;0;0;0;2;1;34,03;32,53;12,62;1e+06;23,28;1;1;1;0;1;1;256
"257";2;1;1;1;0;0;0;0;0;0;0;1;4;0;3,86;5,78;12,51;1e+06;23,28;1;1;1;0;1;1;257
"258";3;5;4;1;0;0;3;0;1;0;0;0;4;1;36,75;35,25;8,48;1e+06;1e+06;1;1;1;0;0;1;258
"259";2;5;2;2;0;0;0;0;2;0;0;0;2;1;5,87;5,78;8,48;1e+06;1e+06;1;1;1;0;0;1;259
"260";2;1;3;2;0;0;1;0;0;2;0;0;2;1;7,13;5,78;12,28;1e+06;23,28;1;1;1;0;1;1;260
"261";2;1;2;1;0;0;0;0;0;0;0;2;3;0;4,48;5,78;12,28;1e+06;23,28;1;1;1;0;1;1;261
"262";5;1;1;1;0;0;0;0;0;0;0;1;4;0;5,71;5,78;12,47;1e+06;23,28;1;1;1;0;1;1;262
"263";2;1;2;2;0;0;0;0;0;2;0;0;2;1;9,45;7,95;13,29;1e+06;23,28;1;1;1;0;1;1;263
"264";3;1;2;2;1;0;0;0;2;0;0;0;2;1;3,28;5,78;12,28;1e+06;23,28;1;1;1;0;1;1;264
"265";3;1;2;2;2;1;0;2;0;0;0;0;2;1;13,34;11,84;12,38;1e+06;23,28;1;1;1;0;1;1;265
"266";3;1;1;3;0;0;0;0;1;0;0;0;1;1;18,58;17,08;13,31;1e+06;23,28;1;1;1;0;1;1;266
"267";1;5;1;1;0;0;0;0;0;0;0;1;4;0;3,91;5,78;8,48;1e+06;1e+06;1;1;1;0;0;1;267
"268";3;5;2;4;0;0;0;0;0;2;0;0;2;2;7,65;6,15;8,48;1e+06;1e+06;1;1;1;0;0;1;268
"269";3;5;2;3;0;0;0;0;0;2;0;0;2;1;8,77;7,27;8,48;1e+06;1e+06;1;1;1;0;0;1;269
"270";2;1;1;2;0;0;0;0;1;0;0;0;1;1;5,77;5,78;12,36;1e+06;23,28;1;1;1;0;1;1;270
"271";3;2;2;4;2;0;0;0;2;0;0;0;2;2;4,2;5,78;10,96;1e+06;28,28;1;1;1;0;1;1;271
"272";3;2;6;2;0;0;0;3;1;0;1;1;2;3;9,74;8,24;12,35;1e+06;28,28;1;1;1;0;1;1;272
"273";2;2;1;2;0;0;0;0;0;0;0;1;1;0;3,71;5,78;10,61;1e+06;28,28;1;1;1;0;1;1;273
"274";2;2;3;3;1;1;0;0;2;0;0;0;2;1;4,49;5,78;10,98;1e+06;28,28;1;1;1;0;1;1;274
"275";3;2;2;3;2;0;0;1;1;0;0;0;2;1;4,3;5,78;10,78;1e+06;28,28;1;1;1;0;1;1;275
"276";2;2;2;1;1;0;0;0;1;0;0;0;1;0;5,83;5,78;10,86;1e+06;28,28;1;1;1;0;1;1;276
"277";2;2;2;2;0;0;0;0;0;0;0;2;2;0;5,73;5,78;11,72;1e+06;28,28;1;1;1;0;1;1;277
"278";5;2;2;2;0;0;0;0;0;0;0;2;2;0;7,16;5,78;12,7;1e+06;28,28;1;1;1;0;1;1;278
"279";2;2;2;1;0;0;1;0;0;1;0;0;4;0;3,75;5,78;10,3;1e+06;28,28;1;1;1;0;1;1;279
"280";1;2;1;1;0;0;0;0;0;0;0;1;3;0;3,28;5,78;10,18;1e+06;28,28;1;1;1;0;1;1;280
"281";3;2;2;1;0;0;0;1;0;0;0;1;3;0;4,01;5,78;10,28;1e+06;28,28;1;1;1;0;1;1;281
"282";3;2;6;3;0;1;0;2;1;0;2;0;2;3;4,35;5,78;11,01;1e+06;28,28;1;1;1;0;1;1;282
"283";3;2;3;1;0;0;0;1;0;0;2;0;2;1;3,56;5,78;10,18;1e+06;28,28;1;1;1;0;1;1;283
"284";5;1;1;1;0;0;0;0;0;0;1;0;4;1;20,38;18,88;15,73;1e+06;23,28;1;1;1;0;1;1;284
"285";2;1;6;5;0;0;3;2;0;2;0;0;2;2;11,83;10,33;13,13;1e+06;23,28;1;1;1;0;1;1;285
"286";2;5;2;3;0;0;0;0;0;2;0;0;2;2;5,24;5,78;8,48;1e+06;1e+06;1;1;1;0;0;1;286
"287";1;5;2;2;0;0;0;0;0;0;0;2;2;0;3,66;5,78;8,48;1e+06;1e+06;1;1;1;0;0;1;287
"288";5;1;3;2;1;1;0;0;2;0;0;0;2;1;54,64;53,14;36,78;1e+06;23,28;1;1;1;0;1;1;288
"289";2;1;2;1;0;0;0;0;0;1;0;1;3;1;6,69;5,78;12,36;1e+06;23,28;1;1;1;0;1;1;289
"290";2;1;1;1;0;0;0;0;0;0;0;1;3;0;6,83;5,78;12,28;1e+06;23,28;1;1;1;0;1;1;290
"291";3;5;3;2;0;0;0;1;0;1;1;0;1;2;12,58;11,08;8,48;1e+06;1e+06;1;1;1;0;0;1;291
"292";3;5;2;2;1;0;0;2;0;0;0;0;2;1;4,05;5,78;8,48;1e+06;1e+06;1;1;1;0;0;1;292
"293";1;1;4;5;0;0;0;0;2;0;2;0;1;3;4,78;5,78;12,28;1e+06;23,28;1;1;1;0;1;1;293
"294";3;1;1;1;0;0;0;0;0;0;0;1;1;0;17,66;16,16;16,7;1e+06;23,28;1;1;1;0;1;1;294
"295";5;2;4;3;0;1;1;0;0;2;0;0;2;1;18,85;17,35;25,44;1e+06;28,28;1;1;1;0;1;1;295
"296";3;2;4;5;0;0;1;1;0;2;0;0;2;2;14,18;12,68;17,9;1e+06;28,28;1;1;1;0;1;1;296
"297";3;2;3;2;0;0;0;1;0;0;1;1;2;1;11,47;9,97;18,13;1e+06;28,28;1;1;1;0;1;1;297
"298";3;2;2;1;0;0;0;0;0;0;0;2;2;0;4,38;5,78;10,65;1e+06;28,28;1;1;1;0;1;1;298
"299";3;2;2;3;0;0;0;0;0;0;2;0;2;2;4,02;5,78;10,71;1e+06;28,28;1;1;1;0;1;1;299
"300";5;2;6;3;1;3;2;0;0;2;0;1;2;2;29,64;28,14;33,85;1e+06;28,28;1;1;1;0;1;1;300
"301";3;2;2;4;1;0;0;1;0;1;0;0;2;2;8,07;6,57;13,61;1e+06;28,28;1;1;1;0;1;1;301
"302";3;2;2;1;0;0;0;0;0;0;0;2;2;0;4,67;5,78;11,29;1e+06;28,28;1;1;1;0;1;1;302
"303";5;2;2;3;0;1;0;0;1;0;0;0;4;1;11,37;9,87;14,78;1e+06;28,28;1;1;1;0;1;1;303
"304";1;2;3;3;0;0;1;0;0;2;0;0;2;1;3,4;5,78;10,3;1e+06;28,28;1;1;1;0;1;1;304
"305";5;2;4;3;0;2;0;0;2;0;0;0;2;2;5,97;5,78;11,65;1e+06;28,28;1;1;1;0;1;1;305
"306";5;2;5;2;0;1;2;0;0;2;0;0;2;2;6,5;5,78;13,19;1e+06;28,28;1;1;1;0;1;1;306
"307";2;2;3;2;0;0;0;0;1;0;1;1;2;1;4;5,78;10,76;1e+06;28,28;1;1;1;0;1;1;307
"308";5;2;3;2;0;0;2;0;1;0;0;0;4;1;14,74;13,24;21,64;1e+06;28,28;1;1;1;0;1;1;308
"309";3;2;1;2;0;0;0;0;0;1;0;0;1;1;3,67;5,78;10,36;1e+06;28,28;1;1;1;0;1;1;309
"310";3;2;6;3;0;0;1;3;0;0;2;0;2;2;11,89;10,39;17,73;1e+06;28,28;1;1;1;0;1;1;310
"311";3;2;2;3;0;0;0;0;0;0;2;0;2;1;5,5;5,78;10,67;1e+06;28,28;1;1;1;0;1;1;311
"312";3;2;4;2;1;0;2;0;0;0;2;0;2;0;8,19;6,69;12,6;1e+06;28,28;1;1;1;0;1;1;312
"313";3;2;1;1;0;0;0;0;0;0;0;1;3;0;4,12;5,78;10,43;1e+06;28,28;1;1;1;0;1;1;313
"314";3;2;3;5;0;0;0;1;0;1;1;0;2;2;4,69;5,78;11,28;1e+06;28,28;1;1;1;0;1;1;314
"315";2;2;3;1;0;0;0;0;1;0;0;2;2;0;3,74;5,78;10,64;1e+06;28,28;1;1;1;0;1;1;315
"316";5;2;3;1;2;0;0;1;0;0;1;1;2;0;21,55;20,05;26,64;1e+06;28,28;1;1;1;0;1;1;316
"317";3;2;3;3;1;1;0;1;1;0;0;0;2;1;6,16;5,78;12,36;1e+06;28,28;1;1;1;0;1;1;317
"318";3;2;3;1;0;0;0;0;1;0;2;0;2;1;4,05;5,78;10,18;1e+06;28,28;1;1;1;0;1;1;318
"319";1;2;2;1;0;0;0;0;0;0;2;0;2;0;3,59;5,78;10,42;1e+06;28,28;1;1;1;0;1;1;319
"320";3;2;1;1;0;0;0;0;0;0;1;0;3;0;3,36;5,78;10,26;1e+06;28,28;1;1;1;0;1;1;320
"321";5;2;4;3;1;2;0;0;1;1;0;0;2;2;19,3;17,8;22,57;1e+06;28,28;1;1;1;0;1;1;321
"322";1;2;1;3;0;0;0;0;0;0;0;1;5;1;4,31;5,78;11,14;1e+06;28,28;1;1;1;0;1;1;322
"323";1;2;2;2;0;0;0;0;0;0;0;2;2;0;3,35;5,78;10,18;1e+06;28,28;1;1;1;0;1;1;323
"324";2;2;1;2;0;0;0;0;1;0;0;0;4;1;3,28;5,78;10,18;1e+06;28,28;1;1;1;0;1;1;324
"325";2;1;2;3;0;0;0;2;0;0;0;0;2;2;9,96;8,46;12,28;1e+06;23,28;1;1;1;0;1;1;325
"326";2;1;2;2;0;0;0;0;0;0;0;2;2;1;4,48;5,78;12,4;1e+06;23,28;1;1;1;0;1;1;326
"327";5;1;2;2;0;0;0;1;0;0;0;1;1;1;10,3;8,8;12,83;1e+06;23,28;1;1;1;0;1;1;327
"328";3;1;5;1;1;0;1;1;0;1;1;0;2;0;41,01;39,51;12,28;1e+06;23,28;1;1;1;0;1;1;328
"329";1;1;4;2;0;0;2;1;0;2;0;0;1;1;5,94;5,78;12,28;1e+06;23,28;1;1;1;0;1;1;329
"330";5;1;2;4;0;0;0;0;2;0;0;0;2;2;17,67;16,17;24,89;1e+06;23,28;1;1;1;0;1;1;330
"331";2;5;2;4;0;0;0;2;0;0;0;0;1;2;6,62;5,78;10,18;1e+06;1e+06;1;1;1;0;0;1;331
"332";1;5;3;5;0;0;0;1;0;0;2;0;2;3;5,97;5,78;10,18;1e+06;1e+06;1;1;1;0;0;1;332
"333";2;5;3;2;0;1;0;2;0;0;0;0;2;2;13,76;12,26;10,18;1e+06;1e+06;1;1;1;0;0;1;333
"334";3;5;1;2;0;0;0;0;0;0;0;1;3;0;4,01;5,78;10,18;1e+06;1e+06;1;1;1;0;0;1;334
"335";1;5;2;3;0;0;0;2;0;0;0;0;2;2;4,78;5,78;10,18;1e+06;1e+06;1;1;1;0;0;1;335
"336";2;5;1;3;0;0;0;1;0;0;0;0;1;1;6,59;5,78;10,18;1e+06;1e+06;1;1;1;0;0;1;336
"337";2;5;1;2;0;0;0;0;0;0;1;0;1;0;4,85;5,78;10,18;1e+06;1e+06;1;1;1;0;0;1;337
"338";3;5;3;1;0;2;4;0;0;0;0;0;2;0;10,64;9,14;10,18;1e+06;1e+06;1;1;1;0;0;1;338
"339";3;5;2;3;0;0;0;0;0;0;2;0;2;2;8,44;6,94;8,48;1e+06;1e+06;1;1;1;0;0;1;339
"340";1;5;1;1;0;0;0;0;0;0;0;1;1;0;3,42;5,78;8,48;1e+06;1e+06;1;1;1;0;0;1;340
"341";3;5;2;4;1;1;0;0;2;0;0;0;2;2;12,12;10,62;8,48;1e+06;1e+06;1;1;1;0;0;1;341
"342";2;5;2;3;0;0;0;0;2;0;0;0;2;1;5,31;5,78;8,48;1e+06;1e+06;1;1;1;0;0;1;342
"343";2;5;1;1;0;0;0;0;0;0;0;1;1;0;4,61;5,78;8,48;1e+06;1e+06;1;1;1;0;0;1;343
"344";3;5;2;2;0;0;0;1;0;0;1;0;3;1;14,53;13,03;10,18;1e+06;1e+06;1;1;1;0;0;1;344
"345";2;5;2;3;0;0;0;0;0;0;0;2;2;0;6,88;5,78;10,18;1e+06;1e+06;1;1;1;0;0;1;345
"346";3;5;2;3;0;0;0;2;0;0;0;0;2;2;8,11;6,61;8,48;1e+06;1e+06;1;1;1;0;0;1;346
"347";3;5;1;1;0;0;0;0;0;0;1;0;3;0;11,36;9,86;8,48;1e+06;1e+06;1;1;1;0;0;1;347
"348";3;5;5;3;0;2;1;0;0;2;0;0;2;2;12,73;11,23;8,48;1e+06;1e+06;1;1;1;0;0;1;348
"349";2;5;2;2;0;0;1;0;0;1;0;0;4;1;11,34;9,84;8,48;1e+06;1e+06;1;1;1;0;0;1;349
"350";2;5;2;2;0;0;0;0;0;0;0;2;2;0;6,06;5,78;8,48;1e+06;1e+06;1;1;1;0;0;1;350
"351";3;5;2;3;0;0;0;0;0;0;2;0;2;1;5,95;5,78;8,48;1e+06;1e+06;1;1;1;0;0;1;351
"352";2;5;2;3;0;0;0;1;1;0;0;0;2;2;6,01;5,78;8,48;1e+06;1e+06;1;1;1;0;0;1;352
"353";1;5;1;4;0;0;0;0;0;1;0;0;1;1;9,5;8;8,48;1e+06;1e+06;1;1;1;0;0;1;353
"354";2;5;3;2;0;0;1;0;0;2;0;0;2;1;6,01;5,78;8,48;1e+06;1e+06;1;1;1;0;0;1;354
"355";2;5;2;1;0;0;0;0;0;0;1;1;3;1;8,14;6,64;8,48;1e+06;1e+06;1;1;1;0;0;1;355
"356";3;5;2;3;0;0;0;0;2;0;0;0;2;2;5,73;5,78;8,48;1e+06;1e+06;1;1;1;0;0;1;356
"357";2;5;2;2;0;0;0;0;0;0;0;2;2;0;5,55;5,78;10,18;1e+06;1e+06;1;1;1;0;0;1;357
"358";2;5;2;3;0;0;0;0;0;0;1;1;2;1;5,9;5,78;10,18;1e+06;1e+06;1;1;1;0;0;1;358
"359";3;5;6;1;0;1;3;2;0;2;0;0;4;2;15,01;13,51;10,18;1e+06;1e+06;1;1;1;0;0;1;359
"360";2;5;2;3;0;0;0;0;0;0;2;0;2;2;4,19;5,78;10,18;1e+06;1e+06;1;1;1;0;0;1;360
"361";2;5;1;1;0;0;0;0;0;0;1;0;4;0;6,11;5,78;10,18;1e+06;1e+06;1;1;1;0;0;1;361
"362";3;5;2;1;0;0;0;0;0;0;0;2;2;0;6,04;5,78;10,18;1e+06;1e+06;1;1;1;0;0;1;362
"363";2;5;3;3;1;0;0;2;0;0;0;0;2;2;10,92;9,42;10,18;1e+06;1e+06;1;1;1;0;0;1;363
"364";3;5;4;3;0;1;1;0;0;2;0;0;2;2;11,07;9,57;10,18;1e+06;1e+06;1;1;1;0;0;1;364
"365";2;5;2;3;4;0;0;0;2;0;0;0;2;1;9,95;8,45;10,18;1e+06;1e+06;1;1;1;0;0;1;365
"366";2;5;2;1;0;0;0;0;0;0;0;2;2;0;6,11;5,78;10,18;1e+06;1e+06;1;1;1;0;0;1;366
"367";2;5;1;1;0;0;0;0;0;0;0;1;3;0;6,41;5,78;8,48;1e+06;1e+06;1;1;1;0;0;1;367
"368";1;5;1;2;0;0;0;1;0;0;0;0;1;1;5,83;5,78;8,48;1e+06;1e+06;1;1;1;0;0;1;368
"369";3;5;2;2;2;0;0;2;0;0;0;0;2;2;9,65;8,15;8,48;1e+06;1e+06;1;1;1;0;0;1;369
"370";1;5;1;1;0;0;0;0;0;0;0;1;3;0;4,61;5,78;8,48;1e+06;1e+06;1;1;1;0;0;1;370
"371";2;5;2;4;0;0;0;0;2;0;0;0;2;2;5,34;5,78;8,48;1e+06;1e+06;1;1;1;0;0;1;371
"372";2;5;1;1;0;0;0;0;0;1;0;0;1;1;5,62;5,78;8,48;1e+06;1e+06;1;1;1;0;0;1;372
"373";2;5;3;4;0;0;1;0;0;1;1;0;2;2;13,02;11,52;8,48;1e+06;1e+06;1;1;1;0;0;1;373
"374";1;5;1;2;2;0;0;1;0;0;0;0;4;1;13,12;11,62;8,48;1e+06;1e+06;1;1;1;0;0;1;374
"375";1;5;2;1;0;0;0;0;0;0;0;2;2;0;5,31;5,78;10,18;1e+06;1e+06;1;1;1;0;0;1;375
"376";2;5;3;3;1;1;0;0;2;0;0;0;2;1;5,96;5,78;10,18;1e+06;1e+06;1;1;1;0;0;1;376
"377";3;5;1;2;0;0;0;1;0;0;0;0;1;1;8,19;6,69;10,18;1e+06;1e+06;1;1;1;0;0;1;377
"378";2;5;2;5;0;0;0;0;2;0;0;0;1;2;6,71;5,78;10,18;1e+06;1e+06;1;1;1;0;0;1;378
"379";2;5;1;1;0;0;0;0;0;0;0;1;5;0;7,98;6,48;10,18;1e+06;1e+06;1;1;1;0;0;1;379
"380";2;5;2;4;0;0;0;2;0;0;0;0;2;2;8,14;6,64;10,18;1e+06;1e+06;1;1;1;0;0;1;380
"381";1;5;1;5;0;0;0;0;0;0;1;0;2;1;3,85;5,78;10,18;1e+06;1e+06;1;1;1;0;0;1;381
"382";2;5;2;3;0;0;0;2;0;0;0;0;2;2;4,43;5,78;10,18;1e+06;1e+06;1;1;1;0;0;1;382
"383";1;5;3;2;1;1;0;0;2;0;0;0;2;1;6,67;5,78;10,18;1e+06;1e+06;1;1;1;0;0;1;383
"384";1;5;2;4;0;0;0;0;0;1;1;0;2;2;4,19;5,78;10,18;1e+06;1e+06;1;1;1;0;0;1;384
"385";2;5;2;1;0;0;0;0;0;1;1;0;2;0;6,5;5,78;10,18;1e+06;1e+06;1;1;1;0;0;1;385
"386";3;5;2;5;0;0;0;0;0;0;2;0;2;2;4,4;5,78;10,18;1e+06;1e+06;1;1;1;0;0;1;386
"387";1;5;2;5;0;0;0;0;2;0;0;0;2;2;4,5;5,78;10,18;1e+06;1e+06;1;1;1;0;0;1;387
"388";3;5;4;3;0;1;0;0;1;0;1;1;2;3;7,62;6,12;10,18;1e+06;1e+06;1;1;1;0;0;1;388
"389";3;5;2;2;0;0;0;0;0;0;2;0;2;0;6,6;5,78;10,18;1e+06;1e+06;1;1;1;0;0;1;389
"390";2;5;2;2;0;0;0;0;0;1;1;0;2;0;6,78;5,78;10,18;1e+06;1e+06;1;1;1;0;0;1;390
"391";2;5;2;1;0;0;0;0;1;0;0;1;3;2;7,16;5,78;10,18;1e+06;1e+06;1;1;1;0;0;1;391
"392";3;5;4;2;0;0;2;0;0;2;0;0;2;1;22,77;21,27;10,18;1e+06;1e+06;1;1;1;0;0;1;392
"393";2;5;1;1;0;0;0;0;0;0;0;1;3;0;3,42;5,78;10,18;1e+06;1e+06;1;1;1;0;0;1;393
"394";2;5;2;2;1;0;0;2;0;0;0;0;2;2;6,86;5,78;8,48;1e+06;1e+06;1;1;1;0;0;1;394
"395";1;5;2;4;0;0;0;2;0;0;0;0;2;2;4,2;5,78;8,48;1e+06;1e+06;1;1;1;0;0;1;395
"396";2;5;2;1;0;0;0;2;0;0;0;0;1;1;13,4;11,9;8,48;1e+06;1e+06;1;1;1;0;0;1;396
"397";2;5;2;1;0;0;0;2;0;0;0;0;1;0;7,86;6,36;8,48;1e+06;1e+06;1;1;1;0;0;1;397
"398";2;5;2;5;1;0;0;0;1;1;0;0;2;1;6,15;5,78;8,48;1e+06;1e+06;1;1;1;0;0;1;398
"399";2;5;1;1;0;0;0;0;0;0;0;1;3;0;6,15;5,78;8,48;1e+06;1e+06;1;1;1;0;0;1;399
"400";2;5;2;4;0;0;0;0;0;0;2;0;2;1;7,25;5,78;8,48;1e+06;1e+06;1;1;1;0;0;1;400
"401";2;5;5;3;1;2;0;0;2;0;0;0;2;3;5,2;5,78;8,48;1e+06;1e+06;1;1;1;0;0;1;401
"402";1;5;2;5;0;0;0;0;2;0;0;0;2;2;5,86;5,78;8,48;1e+06;1e+06;1;1;1;0;0;1;402
"403";3;5;6;2;1;3;0;0;2;0;0;0;2;2;11,68;10,18;7,03;1e+06;1e+06;1;1;1;0;0;1;403
"404";3;5;2;1;0;0;0;0;0;0;1;1;2;0;7,9;6,4;7,03;1e+06;1e+06;1;1;1;0;0;1;404
"405";3;5;4;3;1;1;0;1;1;0;0;0;2;2;17,14;15,64;7,03;1e+06;1e+06;1;1;1;0;0;1;405
"406";3;5;3;1;0;0;0;1;0;0;1;1;2;1;4,89;5,78;7,03;1e+06;1e+06;1;1;1;0;0;1;406
"407";3;5;1;2;0;0;0;0;0;0;0;1;3;0;4,33;5,78;7,03;1e+06;1e+06;1;1;1;0;0;1;407
"408";3;5;5;3;0;0;3;0;2;0;0;0;2;2;13,68;12,18;7,03;1e+06;1e+06;1;1;1;0;0;1;408
"409";3;5;1;2;0;0;0;0;0;0;0;1;3;1;7;5,78;7,03;1e+06;1e+06;1;1;1;0;0;1;409
"410";3;5;2;2;0;0;0;2;0;0;0;0;2;2;9,64;8,14;7,03;1e+06;1e+06;1;1;1;0;0;1;410
"411";2;5;1;1;0;0;0;0;0;0;0;1;3;0;3,77;5,78;7,03;1e+06;1e+06;1;1;1;0;0;1;411
"412";3;5;4;3;1;0;2;0;1;1;0;0;2;1;6,77;5,78;7,03;1e+06;1e+06;1;1;1;0;0;1;412
"413";2;5;2;4;0;0;0;0;0;0;0;2;2;0;5,6;5,78;7,03;1e+06;1e+06;1;1;1;0;0;1;413
"414";2;5;3;2;1;1;0;1;1;0;0;0;2;1;15,61;14,11;7,03;1e+06;1e+06;1;1;1;0;0;1;414
"415";3;5;2;1;0;0;0;0;0;0;2;0;2;1;9,58;8,08;7,03;1e+06;1e+06;1;1;1;0;0;1;415
"416";3;5;2;2;0;0;1;0;0;1;0;0;1;1;5,1;5,78;7,03;1e+06;1e+06;1;1;1;0;0;1;416
"417";3;5;1;2;0;0;0;0;0;0;1;0;4;1;8,18;6,68;7,03;1e+06;1e+06;1;1;1;0;0;1;417
"418";3;5;6;5;0;1;3;0;1;1;0;0;2;3;19,74;18,24;7,03;1e+06;1e+06;1;1;1;0;0;1;418
"419";1;5;2;1;0;0;0;0;0;2;0;0;2;1;5,37;5,78;7,03;1e+06;1e+06;1;1;1;0;0;1;419
"420";3;5;2;2;1;0;0;2;0;0;0;0;2;1;12,16;10,66;7,03;1e+06;1e+06;1;1;1;0;0;1;420
"421";3;5;3;3;1;2;0;0;2;0;0;0;2;2;8,86;7,36;7,03;1e+06;1e+06;1;1;1;0;0;1;421
"422";2;5;2;3;1;0;0;0;2;0;0;0;2;1;4,2;5,78;7,03;1e+06;1e+06;1;1;1;0;0;1;422
"423";1;5;1;1;0;0;0;1;0;0;0;0;5;0;4,36;5,78;7,03;1e+06;1e+06;1;1;1;0;0;1;423
"424";1;5;1;1;0;0;0;1;0;0;0;0;1;0;9,54;8,04;7,03;1e+06;1e+06;1;1;1;0;0;1;424
"425";3;5;3;5;0;0;0;1;0;2;0;0;2;2;9,2;7,7;7,03;1e+06;1e+06;1;1;1;0;0;1;425
"426";2;5;2;2;0;0;0;0;0;0;0;2;2;0;12,48;10,98;8,48;1e+06;1e+06;1;1;1;0;0;1;426
"427";3;5;1;1;0;0;0;0;0;0;0;1;3;0;4,54;5,78;8,48;1e+06;1e+06;1;1;1;0;0;1;427
"428";1;5;2;5;0;0;0;0;0;2;0;0;2;1;7,31;5,81;8,48;1e+06;1e+06;1;1;1;0;0;1;428
"429";3;5;1;1;0;0;0;0;0;0;0;1;3;0;3,56;5,78;8,48;1e+06;1e+06;1;1;1;0;0;1;429
"430";2;5;2;3;2;0;0;1;1;0;0;0;2;2;10,28;8,78;8,48;1e+06;1e+06;1;1;1;0;0;1;430
"431";3;5;2;3;0;0;0;1;1;0;0;0;2;2;8,56;7,06;8,48;1e+06;1e+06;1;1;1;0;0;1;431
"432";2;5;3;4;0;0;0;1;0;1;1;0;2;3;7,19;5,78;8,48;1e+06;1e+06;1;1;1;0;0;1;432
"433";2;5;1;2;0;0;0;0;0;0;0;1;3;0;5,96;5,78;8,48;1e+06;1e+06;1;1;1;0;0;1;433
"434";2;5;3;2;0;2;0;1;0;0;0;0;4;1;9,44;7,94;8,48;1e+06;1e+06;1;1;1;0;0;1;434
